grp_read_markers_1_fu_112,VITIS_LOOP_924_1.1,seq_loop_status1.csv
grp_read_markers_1_fu_112,VITIS_LOOP_924_1,seq_loop_status2.csv
grp_read_markers_1_fu_112,VITIS_LOOP_1086_1,seq_loop_status3.csv
grp_read_markers_1_fu_112,VITIS_LOOP_1171_1,seq_loop_status4.csv
grp_read_markers_1_fu_112,VITIS_LOOP_1027_1,seq_loop_status5.csv
grp_read_markers_1_fu_112.grp_read_markers_1_Pipeline_VITIS_LOOP_1135_1_fu_230,VITIS_LOOP_1135_1,upc_loop_status1.csv
grp_read_markers_1_fu_112.grp_read_markers_1_Pipeline_VITIS_LOOP_1104_2_fu_241,VITIS_LOOP_1104_2,upc_loop_status2.csv
grp_read_markers_1_fu_112.grp_read_markers_1_Pipeline_VITIS_LOOP_1115_3_fu_251,VITIS_LOOP_1115_3,upc_loop_status3.csv
grp_read_markers_1_fu_112.grp_read_markers_1_Pipeline_VITIS_LOOP_1031_2_fu_260,VITIS_LOOP_1031_2,upc_loop_status4.csv
grp_huff_make_dhuff_tb_1_fu_136,VITIS_LOOP_637_1,seq_loop_status6.csv
grp_huff_make_dhuff_tb_1_fu_136,VITIS_LOOP_649_3,seq_loop_status7.csv
grp_huff_make_dhuff_tb_1_fu_136.grp_huff_make_dhuff_tb_1_Pipeline_VITIS_LOOP_638_2_fu_189,VITIS_LOOP_638_2,upc_loop_status5.csv
grp_huff_make_dhuff_tb_1_fu_136.grp_huff_make_dhuff_tb_1_Pipeline_VITIS_LOOP_650_4_fu_197,VITIS_LOOP_650_4,upc_loop_status6.csv
grp_huff_make_dhuff_tb_1_fu_136.grp_huff_make_dhuff_tb_1_Pipeline_VITIS_LOOP_657_5_fu_209,VITIS_LOOP_657_5,upc_loop_status7.csv
grp_huff_make_dhuff_tb_1_fu_136.grp_huff_make_dhuff_tb_1_Pipeline_VITIS_LOOP_664_6_fu_217,VITIS_LOOP_664_6,upc_loop_status8.csv
grp_huff_make_dhuff_tb_2_fu_164,VITIS_LOOP_637_1,seq_loop_status8.csv
grp_huff_make_dhuff_tb_2_fu_164,VITIS_LOOP_649_3,seq_loop_status9.csv
grp_huff_make_dhuff_tb_2_fu_164.grp_huff_make_dhuff_tb_2_Pipeline_VITIS_LOOP_638_2_fu_135,VITIS_LOOP_638_2,upc_loop_status9.csv
grp_huff_make_dhuff_tb_2_fu_164.grp_huff_make_dhuff_tb_2_Pipeline_VITIS_LOOP_650_4_fu_143,VITIS_LOOP_650_4,upc_loop_status10.csv
grp_huff_make_dhuff_tb_2_fu_164.grp_huff_make_dhuff_tb_2_Pipeline_VITIS_LOOP_657_5_fu_155,VITIS_LOOP_657_5,upc_loop_status11.csv
grp_huff_make_dhuff_tb_2_fu_164.grp_huff_make_dhuff_tb_2_Pipeline_VITIS_LOOP_664_6_fu_163,VITIS_LOOP_664_6,upc_loop_status12.csv
grp_decode_1_fu_176,VITIS_LOOP_825_4,seq_loop_status10.csv
grp_decode_1_fu_176,VITIS_LOOP_379_1,seq_loop_status11.csv
grp_decode_1_fu_176,VITIS_LOOP_832_5,seq_loop_status12.csv
grp_decode_1_fu_176,VITIS_LOOP_824_3,seq_loop_status13.csv
grp_decode_1_fu_176.grp_decode_1_Pipeline_VITIS_LOOP_805_1_fu_214,VITIS_LOOP_805_1,upc_loop_status13.csv
grp_decode_1_fu_176.grp_decode_1_Pipeline_VITIS_LOOP_814_2_fu_220,VITIS_LOOP_814_2,upc_loop_status14.csv
grp_decode_1_fu_176.grp_decode_block_1_fu_230,VITIS_LOOP_740_2,seq_loop_status14.csv
grp_decode_1_fu_176.grp_decode_block_1_fu_230.grp_DecodeHuffman_1_fu_185.grp_DecodeHuffman_1_Pipeline_VITIS_LOOP_688_1_fu_131,VITIS_LOOP_688_1,upc_loop_status15.csv
grp_decode_1_fu_176.grp_decode_block_1_fu_230.grp_buf_getv_fu_206.grp_buf_getv_Pipeline_VITIS_LOOP_594_1_fu_91,VITIS_LOOP_594_1,upc_loop_status16.csv
grp_decode_1_fu_176.grp_decode_block_1_fu_230.grp_decode_block_1_Pipeline_VITIS_LOOP_736_1_fu_219,VITIS_LOOP_736_1,upc_loop_status17.csv
grp_decode_1_fu_176.grp_decode_block_1_fu_230.grp_DecodeHuffman_2_fu_226.grp_DecodeHuffman_2_Pipeline_VITIS_LOOP_688_1_fu_143,VITIS_LOOP_688_1,upc_loop_status18.csv
grp_decode_1_fu_176.grp_decode_block_1_fu_230.grp_decode_block_1_Pipeline_VITIS_LOOP_322_1_fu_247,VITIS_LOOP_322_1,upc_loop_status19.csv
grp_decode_1_fu_176.grp_decode_block_1_fu_230.grp_decode_block_1_Pipeline_VITIS_LOOP_334_1_fu_257,VITIS_LOOP_334_1,upc_loop_status20.csv
grp_decode_1_fu_176.grp_decode_block_1_fu_230.grp_ChenIDct_1_fu_264.grp_ChenIDct_1_Pipeline_VITIS_LOOP_178_1_fu_20,VITIS_LOOP_178_1,upc_loop_status21.csv
grp_decode_1_fu_176.grp_decode_block_1_fu_230.grp_ChenIDct_1_fu_264.grp_ChenIDct_1_Pipeline_VITIS_LOOP_249_2_fu_30,VITIS_LOOP_249_2,upc_loop_status22.csv
grp_decode_1_fu_176.grp_decode_block_1_fu_230.grp_ChenIDct_1_fu_264.grp_ChenIDct_1_Pipeline_VITIS_LOOP_312_3_fu_37,VITIS_LOOP_312_3,upc_loop_status23.csv
grp_decode_1_fu_176.grp_decode_block_1_fu_230.grp_decode_block_1_Pipeline_VITIS_LOOP_347_1_fu_272,VITIS_LOOP_347_1,upc_loop_status24.csv
grp_decode_1_fu_176.grp_decode_block_1_fu_230.grp_decode_block_1_Pipeline_VITIS_LOOP_360_1_fu_279,VITIS_LOOP_360_1,upc_loop_status25.csv
grp_decode_1_fu_176.grp_decode_1_Pipeline_VITIS_LOOP_482_1_fu_271,VITIS_LOOP_482_1,upc_loop_status26.csv
grp_decode_1_fu_176.grp_decode_1_Pipeline_VITIS_LOOP_383_2_fu_278,VITIS_LOOP_383_2,upc_loop_status27.csv
