,AESL_inst_jpeg2bmp,,module_status1.csv
,grp_read_markers_1_fu_112,,module_status2.csv
grp_read_markers_1_fu_112,grp_read_markers_1_Pipeline_VITIS_LOOP_1135_1_fu_230,,module_status3.csv
grp_read_markers_1_fu_112,grp_read_markers_1_Pipeline_VITIS_LOOP_1104_2_fu_241,,module_status4.csv
grp_read_markers_1_fu_112,grp_read_markers_1_Pipeline_VITIS_LOOP_1115_3_fu_251,,module_status5.csv
grp_read_markers_1_fu_112,grp_read_markers_1_Pipeline_VITIS_LOOP_1031_2_fu_260,,module_status6.csv
,grp_huff_make_dhuff_tb_1_fu_136,,module_status7.csv
grp_huff_make_dhuff_tb_1_fu_136,grp_huff_make_dhuff_tb_1_Pipeline_VITIS_LOOP_638_2_fu_189,,module_status8.csv
grp_huff_make_dhuff_tb_1_fu_136,grp_huff_make_dhuff_tb_1_Pipeline_VITIS_LOOP_650_4_fu_197,,module_status9.csv
grp_huff_make_dhuff_tb_1_fu_136,grp_huff_make_dhuff_tb_1_Pipeline_VITIS_LOOP_657_5_fu_209,,module_status10.csv
grp_huff_make_dhuff_tb_1_fu_136,grp_huff_make_dhuff_tb_1_Pipeline_VITIS_LOOP_664_6_fu_217,,module_status11.csv
,grp_huff_make_dhuff_tb_2_fu_164,,module_status12.csv
grp_huff_make_dhuff_tb_2_fu_164,grp_huff_make_dhuff_tb_2_Pipeline_VITIS_LOOP_638_2_fu_135,,module_status13.csv
grp_huff_make_dhuff_tb_2_fu_164,grp_huff_make_dhuff_tb_2_Pipeline_VITIS_LOOP_650_4_fu_143,,module_status14.csv
grp_huff_make_dhuff_tb_2_fu_164,grp_huff_make_dhuff_tb_2_Pipeline_VITIS_LOOP_657_5_fu_155,,module_status15.csv
grp_huff_make_dhuff_tb_2_fu_164,grp_huff_make_dhuff_tb_2_Pipeline_VITIS_LOOP_664_6_fu_163,,module_status16.csv
,grp_decode_1_fu_176,,module_status17.csv
grp_decode_1_fu_176,grp_decode_1_Pipeline_VITIS_LOOP_805_1_fu_214,,module_status18.csv
grp_decode_1_fu_176,grp_decode_1_Pipeline_VITIS_LOOP_814_2_fu_220,,module_status19.csv
grp_decode_1_fu_176,grp_decode_block_1_fu_230,,module_status20.csv
grp_decode_1_fu_176.grp_decode_block_1_fu_230,grp_DecodeHuffman_1_fu_185,,module_status21.csv
grp_decode_1_fu_176.grp_decode_block_1_fu_230.grp_DecodeHuffman_1_fu_185,grp_DecodeHuffman_1_Pipeline_VITIS_LOOP_688_1_fu_131,,module_status22.csv
grp_decode_1_fu_176.grp_decode_block_1_fu_230,grp_buf_getv_fu_206,,module_status23.csv
grp_decode_1_fu_176.grp_decode_block_1_fu_230.grp_buf_getv_fu_206,grp_buf_getv_Pipeline_VITIS_LOOP_594_1_fu_91,,module_status24.csv
grp_decode_1_fu_176.grp_decode_block_1_fu_230,grp_decode_block_1_Pipeline_VITIS_LOOP_736_1_fu_219,,module_status25.csv
grp_decode_1_fu_176.grp_decode_block_1_fu_230,grp_DecodeHuffman_2_fu_226,,module_status26.csv
grp_decode_1_fu_176.grp_decode_block_1_fu_230.grp_DecodeHuffman_2_fu_226,grp_DecodeHuffman_2_Pipeline_VITIS_LOOP_688_1_fu_143,,module_status27.csv
grp_decode_1_fu_176.grp_decode_block_1_fu_230,grp_decode_block_1_Pipeline_VITIS_LOOP_322_1_fu_247,,module_status28.csv
grp_decode_1_fu_176.grp_decode_block_1_fu_230,grp_decode_block_1_Pipeline_VITIS_LOOP_334_1_fu_257,,module_status29.csv
grp_decode_1_fu_176.grp_decode_block_1_fu_230,grp_ChenIDct_1_fu_264,,module_status30.csv
grp_decode_1_fu_176.grp_decode_block_1_fu_230.grp_ChenIDct_1_fu_264,grp_ChenIDct_1_Pipeline_VITIS_LOOP_178_1_fu_20,,module_status31.csv
grp_decode_1_fu_176.grp_decode_block_1_fu_230.grp_ChenIDct_1_fu_264,grp_ChenIDct_1_Pipeline_VITIS_LOOP_249_2_fu_30,,module_status32.csv
grp_decode_1_fu_176.grp_decode_block_1_fu_230.grp_ChenIDct_1_fu_264,grp_ChenIDct_1_Pipeline_VITIS_LOOP_312_3_fu_37,,module_status33.csv
grp_decode_1_fu_176.grp_decode_block_1_fu_230,grp_decode_block_1_Pipeline_VITIS_LOOP_347_1_fu_272,,module_status34.csv
grp_decode_1_fu_176.grp_decode_block_1_fu_230,grp_decode_block_1_Pipeline_VITIS_LOOP_360_1_fu_279,,module_status35.csv
grp_decode_1_fu_176,grp_decode_1_Pipeline_VITIS_LOOP_482_1_fu_271,,module_status36.csv
grp_decode_1_fu_176,grp_decode_1_Pipeline_VITIS_LOOP_383_2_fu_278,,module_status37.csv
