,adpcm_main_label12,seq_loop_status1.csv
,adpcm_main_label13,seq_loop_status2.csv
grp_reset_fu_243,reset_label4,seq_loop_status3.csv
grp_reset_fu_243,reset_label5,seq_loop_status4.csv
grp_reset_fu_243,reset_label6,seq_loop_status5.csv
grp_reset_fu_243,reset_label7,seq_loop_status6.csv
grp_encode_fu_333,encode_label0,seq_loop_status7.csv
grp_encode_fu_333,encode_label1,seq_loop_status8.csv
grp_encode_fu_333.grp_filtez_fu_430,filtez_label8,seq_loop_status9.csv
grp_encode_fu_333.grp_quantl_fu_440,quantl_label9,seq_loop_status10.csv
grp_encode_fu_333.grp_upzero_fu_452,upzero_label10,seq_loop_status11.csv
grp_encode_fu_333.grp_upzero_fu_452,upzero_label11,seq_loop_status12.csv
grp_encode_fu_333.grp_upzero_fu_461,upzero_label10,seq_loop_status13.csv
grp_encode_fu_333.grp_upzero_fu_461,upzero_label11,seq_loop_status14.csv
grp_decode_fu_399,decode_label2,seq_loop_status15.csv
grp_decode_fu_399,decode_label3,seq_loop_status16.csv
grp_decode_fu_399.grp_filtez_fu_433,filtez_label8,seq_loop_status17.csv
grp_decode_fu_399.grp_upzero_fu_443,upzero_label10,seq_loop_status18.csv
grp_decode_fu_399.grp_upzero_fu_443,upzero_label11,seq_loop_status19.csv
